symbol,ts,target_15m_pct,label,funding_rate,funding_rate_prev,funding_change,oi_5m_change,oi_5m_level,ls_buy_ratio,ls_sell_ratio,orderbook_imbalance,change_5m,change_15m,change_1h,change_4h,volume_ratio,position_in_24h_range,rsi_14_5m,atr_14_pct,consecutive_green_5m,prev_5m_return,hour,day_of_week
0GUSDT,1770904800000,1.4749262536873082,1,-0.00043958,-0.00022789,-0.00021169000000000003,-0.016890818846214316,14384116.6,0.516,0.484,0.0,1.8662027518583004,1.178133836003762,-0.07756748371081988,-10.699755899104973,0.0,0.0,57.86885245901634,1.8575199059595902,1.0,-0.6754633993088409,14.0,3.0
0GUSDT,1770879600000,-3.7994313776169673,0,-0.01,-0.00022789,-0.00977211,0.03560111179516575,15637402.6,0.5653,0.4347,0.0,1.7890028939752771,1.9096536283419028,13.32747510251905,10.78970718722271,0.0,0.0,20.707070707070628,2.9335745670715943,2.0,0.32994588887421755,7.0,3.0
0GUSDT,1770861600000,1.4851485148514865,1,-0.00183852,-0.00022789,-0.00161063,-0.0031128934539905776,9146279.9,0.5534,0.4466,0.0,2.020202020202022,0.7648819421350078,5.648535564853554,6.100546036527957,0.0,0.0,16.440677966101745,1.5252239509665235,1.0,-0.4691689008042937,2.0,3.0
0GUSDT,1769238000000,-4.7807735377724265,0,-0.00194562,-0.00022789,-0.00171773,0.004498407335633054,12879683.3,0.5878,0.4122,0.0,2.021267246682497,1.0708688838586085,2.057142857142865,15.282745287578553,0.0,0.0,34.742404227212674,1.8864673959858702,2.0,0.5656208572691084,7.0,5.0
0GUSDT,1769194800000,1.9056170807143686,1,-0.00161186,-0.00022789,-0.00138397,0.0037102440782694206,10293494.1,0.5461,0.4539,0.0,1.5398642488096435,2.5580681469354367,1.5810276679841844,1.6686028091667586,0.0,0.0,44.47300771208229,1.2599592366129337,4.0,0.040539170973949115,19.0,4.0
1000000MOGUSDT,1767326400000,2.5958930647035974,1,-6.317e-05,5e-05,-0.00011317,0.1006517732252066,13721392.0,0.5785,0.4215,0.0,1.5342250196695573,2.339413164155439,5.3899550837076315,4.07258064516129,0.0,0.0,8.163265306122156,0.9326396191952181,7.0,0.3553099091985615,4.0,4.0
1000BONKUSDT,1768492800000,-0.12251437187824764,0,-5.367e-05,3.874e-05,-9.240999999999999e-05,-0.012292113186470355,2143994200.0,0.719,0.281,0.0,1.8427872156637028,1.2017167381974356,-0.45966228893056943,-0.7761361511127711,0.0,0.0,55.42021924482328,1.062913149427146,2.0,0.366053366727674,16.0,3.0
1000LUNCUSDT,1765267200000,2.9879433863358313,1,-0.0003737,0.0001,-0.00047369999999999997,-0.019063035067528083,174039911.0,0.44,0.56,0.0,2.0324478516669675,3.6399855124954814,8.657679893677619,4.4152526911147705,0.0,0.0,25.76530612244892,2.0618556701030943,5.0,0.8631541089732085,8.0,1.0
1000LUNCUSDT,1765123200000,-6.108429261047162,0,-0.00026573,0.0001,-0.00036573,0.010111757455368827,211381544.0,0.3219,0.6781,0.0,1.9689511548655798,3.616775682954982,-1.6614935183494635,-3.701054890041127,0.0,0.0,54.25950196592403,2.3579650946899338,4.0,0.8015267175572457,16.0,6.0
1000LUNCUSDT,1765008000000,1.4738510301109353,1,-0.00054802,0.0001,-0.00064802,0.02082394788017353,220605882.0,0.3262,0.6738,0.0,3.3917745371128993,2.9531734377549452,0.36583426117386353,10.954809213996846,0.0,0.0,55.39112050739954,2.889970568259001,2.0,0.08199409642505974,8.0,5.0
1000RATSUSDT,1762315200000,0.22271714922048091,1,-7.18e-05,5e-05,-0.0001218,-0.014875458056465134,139948940.0,0.6145,0.3855,0.0,1.5837104072398134,1.9007092198581674,2.161547212741763,2.5114155251141517,0.0,0.0,9.574468085105735,0.31617881005408865,9.0,0.19835647492207598,4.0,2.0
1000TOSHIUSDT,1770984000000,-1.275283785677587,0,-0.00026021,1.824e-05,-0.00027844999999999996,-0.0031181463220542518,8318042.0,0.551,0.449,0.0,1.5656877164681868,1.9380952380952468,2.8144661639690716,0.5165046720195415,0.0,0.0,21.627408993575813,0.6366408851577258,2.0,0.42405183914617967,12.0,4.0
1000TOSHIUSDT,1768820400000,13.30275229357797,1,-6.249e-05,1.824e-05,-8.073000000000001e-05,-0.024930660100773567,3106333.0,0.627,0.373,0.0,1.733333333333346,1.4965081476554718,2.176096417810514,-0.06781959986435333,0.0,0.0,16.494845360825053,0.37446171129002087,2.0,0.03334444814937946,11.0,0.0
1000TURBOUSDT,1764849600000,-5.384822493172802,0,-0.00189065,-0.00402567,0.0021350200000000005,-0.002683810864207709,2032305.0,0.4634,0.5366,0.0,1.6459457346156863,3.154261228376445,9.677283273570978,10.851027543276189,0.0,0.0,1.6380343587694028,1.5267070711510866,10.0,0.7483850638096614,12.0,3.0
1000TURBOUSDT,1764259200000,-6.3956343792633,0,-0.00184576,-0.00402567,0.00217991,-0.0015266615673166593,952913.0,0.5559,0.4441,0.0,1.6248890860692162,4.5529754093684085,8.947681331747924,14.588544272136073,0.0,0.0,32.1945785369476,2.8123172870785416,7.0,0.883965536533502,16.0,3.0
2ZUSDT,1766548800000,-1.4061358655953249,0,-0.00032415,-0.00023465,-8.949999999999998e-05,-0.006986935700315433,23471253.0,0.5194,0.4806,0.0,1.5861237362025815,2.2309343787921248,2.3838459381134998,0.9773188272174123,0.0,0.0,14.352941176470338,0.49958259417718875,9.0,0.3070338667659071,4.0,2.0
ACEUSDT,1772395200000,3.7123278557647543,1,-0.00159509,5e-05,-0.0016450899999999999,-0.005175408413091501,3973044.7,0.6778,0.3222,0.0,1.6776026516945208,2.2725726338708645,1.4579817752278064,2.3073781649877514,0.0,0.0,44.89051094890508,0.948040715853903,3.0,0.149041392859561,20.0,6.0
ACTUSDT,1766678400000,0.28571428571427404,1,-0.00017508,5e-05,-0.00022508,0.0007199182698404811,87375547.0,0.4886,0.5114,0.0,1.9170104343606067,1.2292118582791118,1.2536162005785911,3.7293158804643234,0.0,0.0,36.34085213032576,1.8044217687074844,2.0,0.1945052273279765,16.0,3.0
ACUUSDT,1770004800000,-1.869579907647252,0,-0.00028382,0.00017087,-0.00045469,-0.003675874449588304,5523879.0,0.4967,0.5033,0.0,1.5787667314952434,2.9568645640074176,3.623738110521091,3.1482342007434827,0.0,0.0,25.066952329941074,1.6885749682235747,1.0,-0.3874643874643796,4.0,0.0
ACUUSDT,1769616000000,-4.856940174982266,0,-0.00029642,0.00017087,-0.00046729,0.004527853997647663,8419404.0,0.5579,0.4421,0.0,3.5250917992656117,4.54882571075401,10.81123571952626,15.049785080798731,0.0,0.0,4.827875734676795,2.0835726108840333,5.0,0.314326408329637,16.0,2.0
ACUUSDT,1769184000000,5.3457135130262365,1,-0.00363306,0.00017087,-0.00380393,0.036066440577714284,4161882.0,0.5684,0.4316,0.0,2.636935603256852,2.8176846788395595,5.002603057409246,18.679790307050396,0.0,0.0,37.51886001676446,4.405287761909051,2.0,3.3220209359017177,16.0,4.0
ACXUSDT,1773244800000,0.8350033400133609,1,-0.02155305,-0.001344,-0.02020905,-0.009343341809482961,50433850.0,0.3441,0.6559,0.0,1.8021081264875984,0.25113008538423626,3.778162911611788,70.93919497573509,0.0,0.0,38.02298850574712,7.1643286573146305,1.0,-0.3050847457627112,16.0,2.0
ADAUSDT,1741104000000,-1.5002344116268078,0,-0.00027262,-9.454e-05,-0.00017808,-0.0028239401712044218,143912786.0,0.7789,0.2211,0.0,2.0818377602297167,3.205515906616665,3.9853747714807986,5.009230769230764,0.0,0.0,46.23552123552127,2.2453285111512935,1.0,-0.22681150769965536,16.0,1.0
AERGOUSDT,1770278400000,-3.3576394777005305,0,-0.00326887,5e-05,-0.0033188700000000002,-0.0048470764620198725,29749614.0,0.4468,0.5532,0.0,1.6023432115782226,1.514890686865207,9.062326613648976,11.685606060606064,0.0,0.0,28.883684621389506,3.232878703456961,2.0,1.2207882804325065,8.0,3.0
AERGOUSDT,1766059200000,-3.2979318054779223,0,-0.01333074,5e-05,-0.01338074,0.061766786806659785,66802168.0,0.5089,0.4911,0.0,3.127251765384069,6.203621252597215,7.917357864575486,12.233375156838147,0.0,0.0,15.144508670520295,1.8316298011658527,1.0,-0.38759689922481533,12.0,3.0
AERGOUSDT,1765886400000,-5.41195476575121,0,-0.00088363,5e-05,-0.0009336300000000001,0.004217015657728002,55674661.0,0.5061,0.4939,0.0,1.7088399605652307,-0.8330663248958772,9.209597741707826,17.234848484848477,0.0,0.0,27.4869109947644,2.8271405492730213,1.0,-0.9278853980140014,12.0,1.0
AEROUSDT,1768492800000,0.19217330538085076,1,-0.00039902,5e-05,-0.00044902,0.007954078636007157,11875594.0,0.5688,0.4312,0.0,1.9230769230769287,0.5621925509486965,-1.0031131096506445,-2.0366250213931236,0.0,0.0,59.75903614457829,1.079414994509329,1.0,-0.1600000000000021,16.0,3.0
AIOZUSDT,1770364800000,-3.949269545673458,0,-0.00173762,-0.00037089,-0.00136673,0.008340038512121053,7426378.0,0.6025,0.3975,0.0,1.9977075487145879,2.4675111037999695,5.006743088334458,9.897671136203241,0.0,0.0,25.239005736137713,1.2499139967433457,1.0,-0.31015344433562303,8.0,4.0
AIXBTUSDT,1769256000000,0.2845399936768884,1,-0.00100483,3.208e-05,-0.00103691,0.05688090355978352,62882300.0,0.6274,0.3726,0.0,1.704180064308679,1.60616768390619,3.0628869338546756,3.0628869338546756,0.0,0.0,17.29323308270682,0.6074703039609761,1.0,-0.06426735218508736,12.0,5.0
AIXBTUSDT,1761422400000,6.787158746208291,1,-0.00032318,3.208e-05,-0.00035526,0.09935198162002473,113959530.0,0.6057,0.3943,0.0,3.007420908735832,2.3147549463338937,6.34408602150538,3.2898172323759716,0.0,0.0,24.19562419562415,1.7658529539217112,2.0,0.4183553405673955,20.0,5.0
AIXBTUSDT,1761408000000,-0.6135770234986921,0,-0.00157905,3.208e-05,-0.0016111300000000001,0.03010323845063744,84159620.0,0.6115,0.3885,0.0,3.4995270909336504,13.347144125480911,12.87945770704391,25.02040150155052,0.0,0.0,16.313680595306252,3.667474822827304,7.0,2.6206322795341133,16.0,5.0
AKEUSDT,1771977600000,-10.107816711590287,0,-0.00046987,5e-05,-0.00051987,0.006693154476999011,3613347900.0,0.3635,0.6365,0.0,4.409005628517816,0.6784260515603718,-7.538940809968851,4.16471689284043,0.0,0.0,64.62293071735134,5.721345141830317,1.0,-3.3106575963718763,0.0,2.0
AKTUSDT,1772870400000,3.402597402597403,1,-0.00063753,-0.00022778,-0.00040974999999999996,0.000957980650222187,4678267.0,0.5077,0.4923,0.0,1.690438457474912,1.7173051519154572,7.54189944134079,10.37844036697248,0.0,0.0,26.23574144486693,2.000000000000002,2.0,1.4741356204770852,8.0,5.0
AKTUSDT,1761652800000,-5.047429441386583,0,-0.00213314,-0.00022778,-0.00190536,0.009249062531889764,4915344.7,0.5904,0.4096,0.0,4.261294261294267,4.058006336826712,4.992007869174962,5.328728259528805,0.0,0.0,20.18111254851233,1.082428521238688,2.0,0.7999999999999939,12.0,1.0
AKTUSDT,1761465600000,-0.13941698352344611,0,-0.00471531,-0.00022778,-0.00448753,0.0162940806008649,4360581.09999999,0.5373,0.4627,0.0,1.845875822899184,1.6228748068006253,3.1912110907664255,-0.4165088981446383,0.0,0.0,26.775956284152954,1.4258555133079824,1.0,-0.27033985581874237,8.0,6.0
ALICEUSDT,1763884800000,-7.135541140320919,0,-0.01384535,0.0001,-0.013945349999999999,0.008329068231305806,10649654.6,0.6028,0.3972,0.0,3.718130311614734,6.703096539162103,19.016659894351882,32.115471357690566,0.0,0.0,19.701492537313456,4.362776179095741,9.0,0.7851534618129834,8.0,6.0
ALICEUSDT,1744646400000,-1.0900282599919289,0,-0.0009116,0.0001,-0.0010116,0.040098242512494664,4184213.3,0.5427,0.4573,0.0,1.745738344629289,3.3590653035677036,25.037859666834933,24.534942182001014,0.0,0.0,22.240802675585286,5.693811638502798,2.0,3.4197111299915046,16.0,0.0
ALLOUSDT,1772107200000,0.6016408386508605,1,-0.00031237,-0.00045413,0.00014176,0.007815737408670998,10350832.0,0.5054,0.4946,0.0,2.9563585171281086,2.5425313142643486,2.5233644859813156,-0.2364496180429214,0.0,0.0,26.057529610828993,0.7136345878369578,1.0,-0.19670288497563504,12.0,3.0
ALLOUSDT,1771603200000,5.031712473572944,1,-0.00012971,-0.00045413,0.00032442,0.002342747839505505,12507743.0,0.3717,0.6283,0.0,3.9103690685413093,7.958003651856357,13.356766256590497,23.509443815823825,0.0,0.0,14.839209608678729,3.023759186549882,3.0,0.10996261271166592,16.0,4.0
ALLOUSDT,1763740800000,-13.645186335403729,0,-0.00019067,-0.00045413,0.00026346000000000003,0.002588852009135108,11462852.0,0.5219,0.4781,0.0,1.7729270581263321,-1.3546503278923934,-3.1169197498942207,-0.12116512383075666,0.0,0.0,64.2475512021371,2.5707769520851813,1.0,-1.6704705482445483,16.0,4.0
ALTUSDT,1762070400000,-6.146572104018908,0,-0.00021816,-3.253e-05,-0.00018563,-0.01086098276541845,151410184.0,0.596,0.404,0.0,2.1739130434782563,5.22388059701492,5.119284294234591,18.3547845551203,0.0,0.0,28.199566160520604,4.110097939885176,3.0,2.5260029717682024,8.0,6.0
API3USDT,1770624000000,-5.865439907993092,0,-0.00065184,-0.00051704,-0.00013480000000000002,0.006024428547717957,12640322.1,0.5602,0.4398,0.0,1.6067776803973137,2.1739130434782665,4.5700541190619335,5.075528700906339,0.0,0.0,17.829457364341053,0.9590897888770221,1.0,-1.15506786023679,8.0,0.0
API3USDT,1770544800000,1.7296050735082173,1,-0.00288314,-0.00051704,-0.0023661000000000003,0.010036789471101317,10885410.0,0.5765,0.4235,0.0,2.9988123515439424,6.18304254667891,7.632640397145521,-0.37313432835820237,0.0,0.0,18.227848101265877,1.579294156405716,4.0,1.110777544280991,10.0,6.0
API3USDT,1770433200000,-3.32634887375589,0,-0.00117549,-0.00051704,-0.00065845,0.012048451389300083,8618670.8,0.5144,0.4856,0.0,1.5155543738367412,3.049932523616728,-1.8761243896170725,0.8354755784061847,0.0,0.0,58.05860805860809,2.587368105964228,3.0,0.4272363150867798,3.0,5.0
API3USDT,1770426000000,-7.936129647283126,0,-0.02,-0.00051704,-0.01948296,-0.03336605264965617,9261996.3,0.5202,0.4798,0.0,1.9684082624544341,2.2915650901998936,33.715742511153586,0.8354755784061847,0.0,0.0,9.527272727272731,5.8218711698215975,4.0,0.12165450121654513,1.0,5.0
APRUSDT,1765296000000,1.8840579710144862,1,-1.038e-05,5e-05,-6.038e-05,0.008886943191223599,6531072.0,0.7437,0.2563,0.0,1.5452538631346717,1.6949152542373063,4.308390022675745,4.624715693707372,0.0,0.0,20.430107526881613,0.7919254658385098,2.0,0.9658246656760741,16.0,1.0
ARBUSDT,1768492800000,-0.09987634357462938,0,-6.48e-06,-0.00014277,0.00013628999999999998,0.002668861420301526,154784983.6,0.7314,0.2686,0.0,1.5356384006181265,-0.36015543550374873,-1.976689976689974,-1.9812596149363684,0.0,0.0,65.09803921568621,1.0313761193624191,1.0,-0.15429122468660306,16.0,3.0
ARIAUSDT,1773288000000,-14.22691727260254,0,-6.381e-05,0.00085132,-0.00091513,-0.009559199911459938,33702258.0,0.1805,0.8195,0.0,2.2156780255223647,3.0028969123154132,2.7053684655488106,-1.1325873177348287,0.0,0.0,33.90688259109314,1.0225780530349031,2.0,0.7772752967778334,4.0,3.0
ARIAUSDT,1771315200000,0.19893204900010023,1,-0.00025374,0.00085132,-0.0011050600000000002,0.0032189257672272454,17678752.0,0.2958,0.7042,0.0,1.5739657556099067,0.7064529734289371,0.5368421052631543,2.7652248762642597,0.0,0.0,47.62569832402234,1.9743631930837464,1.0,-0.634048399027796,8.0,1.0
ARIAUSDT,1757016000000,-5.676267475155799,0,-0.00070597,0.00085132,-0.00155729,-0.007391700105914796,11332335.0,0.3702,0.6298,0.0,1.5479346617634413,1.365886972853,6.340677055346592,17.86777843954735,0.0,0.0,34.10447761194028,2.3111720686253268,2.0,0.025662959794698244,20.0,3.0
ARKUSDT,1770451200000,-2.0379947769983016,0,-0.00430863,-0.00039842,-0.00391021,0.10572611901275698,6221096.0,0.5427,0.4573,0.0,1.6870606612861196,2.719335156743099,4.021519122190264,3.0173550667299693,0.0,0.0,36.787564766839424,1.5219124671733626,5.0,0.8877915528472353,8.0,5.0
ARPAUSDT,1771804800000,-6.738281249999993,0,-0.00362363,-7.379e-05,-0.0035498400000000003,-0.013694342583834845,66112660.0,0.5387,0.4613,0.0,2.7924803796313102,3.3678994218592204,4.4897959183673475,4.045815629041189,0.0,0.0,27.137970353477684,1.1319247159090922,1.0,-0.018248175182468348,0.0,0.0
ARPAUSDT,1756886400000,-3.3722438391699217,0,-0.00025049,-7.379e-05,-0.0001767,-0.0030853618290032207,43800940.0,0.6927,0.3073,0.0,1.715039577836418,1.2697022767075397,4.283137962128057,4.47154471544716,0.0,0.0,27.064220183486228,1.2784880489160648,2.0,0.7532122286220647,8.0,2.0
ARPAUSDT,1755590400000,-2.190082644628096,0,-3.464e-05,-7.379e-05,3.9149999999999996e-05,0.16290769765919136,50013590.0,0.6378,0.3622,0.0,5.4925893635571095,7.555555555555557,9.551833408782258,9.601449275362322,0.0,0.0,5.78512396694218,1.1127508854781578,3.0,0.7023705004389681,8.0,1.0
ARPAUSDT,1749974400000,-3.5381750465549358,0,-0.00068903,-7.379e-05,-0.00061524,0.09296422146421587,75231580.0,0.5381,0.4619,0.0,3.021582733812943,2.285714285714275,7.669172932330828,10.09738595592004,0.0,0.0,24.13793103448279,1.7990156956637422,1.0,-0.33460803059273714,8.0,6.0
ARUSDT,1762473600000,5.4106111013832825,1,-0.00011821,0.0001,-0.00021820999999999999,0.003132364800517573,1468559.5,0.6209,0.3791,0.0,1.9639350116050762,5.427358316411307,3.0494406351497743,1.2768221315836152,0.0,0.0,35.317460317460316,2.142481927108086,2.0,3.4349030470914115,0.0,4.0
ASPUSDT,1764302400000,2.721234197557318,1,-0.00051445,5e-05,-0.00056445,0.007429275259247688,8564391.0,0.539,0.461,0.0,2.571428571428581,-0.6175468483815983,0.36559139784946987,9.785932721712548,0.0,0.0,52.85035629453678,2.3753405369004263,1.0,-2.2346368715083784,4.0,4.0
ASPUSDT,1759910400000,8.08867585380468,1,-0.00062753,5e-05,-0.00067753,0.08025680004916334,17912236.0,0.5077,0.4923,0.0,5.699810006333109,28.68157286044717,51.58946412352405,50.90415913200722,0.0,0.0,13.020833333333314,6.29975177608491,4.0,15.508412582297021,8.0,2.0
ASRUSDT,1766318400000,-3.690773067331663,0,-0.01032967,5e-05,-0.01037967,-0.01101178187174589,1080696.7,0.4017,0.5983,0.0,1.8800813008130042,-3.4200385356454803,1.8800813008130042,27.95149968091895,0.0,0.0,41.017964071856284,3.4948343427146393,1.0,-2.814814814814812,12.0,6.0
ASTERUSDT,1770825600000,2.8282532239155898,1,-0.0001113,5e-05,-0.0001613,-0.0003118451267809179,64614492.0,0.6224,0.3776,0.0,1.7141153674168959,3.8818693865124017,3.39393939393939,3.315669947009846,0.0,0.0,28.69127516778525,1.3973789984927176,4.0,1.283212560386483,16.0,2.0
ASTERUSDT,1760126400000,-3.1205673758865204,0,-3.955e-05,5e-05,-8.955000000000001e-05,-0.0026660641258795304,95909719.0,0.8059,0.1941,0.0,2.345058626465664,3.2210834553440657,4.4980331794082415,18.0296200901481,0.0,0.0,27.133695115934913,1.8377367313537525,4.0,0.12858500587018332,20.0,4.0
ASTRUSDT,1759881600000,-4.753265602322214,0,-0.000778,0.0001,-0.0008780000000000001,-0.0008336999726149698,159056446.0,0.772,0.228,0.0,1.8853974121996304,2.453531598513014,2.4154589371980726,2.5679196129512456,0.0,0.0,25.58139534883692,0.5727762803234502,4.0,0.4083147735709074,0.0,2.0
ATHUSDT,1772193600000,-0.27201632097926537,0,-0.00908209,5e-05,-0.009132089999999999,0.055994095582627294,660121350.0,0.5866,0.4134,0.0,2.260083449235047,1.16959064327486,12.18767880984169,13.793770555233124,0.0,0.0,17.09956709956711,2.8270267644630103,2.0,0.226520299703781,12.0,4.0
ATHUSDT,1768492800000,-0.4542761208769422,0,-0.00012768,5e-05,-0.00017768,-0.0006767268705953822,545611500.0,0.632,0.368,0.0,1.8404907975460034,0.5760826380611742,-1.1711887565879397,-1.8988568106956019,0.0,0.0,60.113960113960125,0.9734488304506064,2.0,0.08052340211375,16.0,3.0
AVNTUSDT,1769331600000,-7.08812260536398,0,-0.00814532,-0.00020699,-0.007938329999999999,0.0010442453657425062,40645884.0,0.6886,0.3114,0.0,2.010050251256277,-0.21845985800109852,-0.24570024570024895,11.813186813186817,0.0,0.0,43.791946308724825,2.46109938228165,1.0,-2.3978201634877316,9.0,6.0
AXLUSDT,1772017200000,4.05196412001239,1,-0.00902327,3.52e-05,-0.00905847,0.04156847271211497,46943740.0,0.6429,0.3571,0.0,4.577066149118538,4.273504273504262,18.794782289178755,1.6768292682926806,0.0,0.0,25.95314653192466,4.499359285935222,2.0,2.2828784119106804,11.0,2.0
AXLUSDT,1770166800000,-1.2630662020905863,0,-0.00412962,3.52e-05,-0.00416482,0.021511509900346663,48138592.0,0.6512,0.3488,0.0,1.77304964539006,3.3303330333033303,7.222914072229127,0.07789375292102878,0.0,0.0,19.786729857819964,1.7732702837232457,1.0,-0.19171213685295863,1.0,2.0
AXLUSDT,1770084000000,0.23898431665423056,1,-0.00281159,3.52e-05,-0.00284679,0.0020538054927738522,40594829.0,0.6165,0.3835,0.0,1.8405841192576644,2.6368235474474924,3.798449612403091,-2.7599184569546664,0.0,0.0,29.597701149425262,1.9140083217753088,3.0,0.3970678069639741,2.0,1.0
AXLUSDT,1769594400000,-2.3497563616675747,0,-0.00164194,3.52e-05,-0.00167714,0.012217609532037876,55903074.0,0.6189,0.3811,0.0,1.6398855381906288,2.4744784731469105,5.966724039013191,2.251384541295462,0.0,0.0,14.447236180904511,1.5121045711191892,1.0,-0.011004732034785959,10.0,2.0
AXLUSDT,1769338800000,-4.737634657708804,0,-0.00411249,3.52e-05,-0.00414769,0.060986421993642646,36688015.0,0.6236,0.3764,0.0,5.486314760508319,9.555837563451789,12.04412719013629,13.667098259243266,0.0,0.0,5.012964563526339,1.8177756449504385,7.0,1.1869436201780448,11.0,6.0
AXSUSDT,1770753600000,-2.1365890881343046,0,-0.00459727,-0.00072572,-0.0038715499999999996,0.002045556428964702,13268813.8,0.619,0.381,0.0,1.6219709208400581,1.9712099597976904,2.838085273345547,3.6036629553989044,0.0,0.0,24.621212121212224,0.9583764829854102,2.0,0.5523066926575811,20.0,1.0
AXSUSDT,1770688800000,0.0,0,-0.00379081,-0.00072572,-0.00306509,-0.017674888778339632,12690392.0,0.5851,0.4149,0.0,1.7200784826684103,-0.31406229970517413,-1.7436351001326722,4.767995452284512,0.0,0.0,59.51792336217555,1.9936438537351542,1.0,-0.11106029920951427,2.0,1.0
AXSUSDT,1769410800000,1.965579710144912,1,-0.00028257,-0.00072572,0.00044315,-0.018027405180019596,11081006.9,0.5669,0.4331,0.0,4.738864380247632,7.7283372365339735,14.214773432650535,-6.952474277315038,0.0,0.0,22.445141065830697,2.7102743271221525,1.0,-1.6101932231867813,7.0,0.0
AXSUSDT,1769385600000,-6.305732484076425,0,-0.00022732,-0.00072572,0.0004984,0.010860738073150248,11804617.7,0.5096,0.4904,0.0,1.8717244821562313,2.177722152690857,2.1623786164781214,-0.5166699161630027,0.0,0.0,40.702576112412224,1.8180863722265013,4.0,0.08992356496976578,0.0,0.0
AXSUSDT,1769180400000,-1.7821378865541864,0,-0.00088951,-0.00072572,-0.00016379000000000003,-0.006314603733255879,12939351.1,0.4789,0.5211,0.0,3.0143021995314134,4.342436156271024,1.958951995292977,2.62421143006458,0.0,0.0,40.29909484454936,1.4974807601848552,3.0,0.9353381335592251,15.0,4.0
AXSUSDT,1769169600000,-0.9093554488578462,0,-0.00190987,-0.00072572,-0.00118415,-0.01719922236146867,12187743.5,0.5086,0.4914,0.0,2.452112990981602,3.143993396863514,2.185548617305984,2.62421143006458,0.0,0.0,37.93418647166365,1.2684209432354345,2.0,1.1801968251574182,12.0,4.0
AXSUSDT,1768957200000,3.746629452670406,1,-0.00249474,-0.00072572,-0.00176902,-0.0022961793183159415,12816668.6,0.4979,0.5021,0.0,1.9090777611724477,2.5468128456388968,0.8395744883843096,3.5926072346313385,0.0,0.0,43.01162476344956,2.5920269238307005,2.0,1.279234412382219,1.0,2.0
AXSUSDT,1768647600000,-2.356173994387278,0,-0.00290556,-0.00072572,-0.00217984,0.011219294349438025,11952796.0,0.4949,0.5051,0.0,2.1378239579600997,2.9679128288483474,2.498951279439075,11.322254335260121,0.0,0.0,32.91692692067453,1.5380696244821628,1.0,-0.43403293893809747,11.0,5.0
AXSUSDT,1768586400000,-0.8262493048383226,0,-0.00014538,-0.00072572,0.00058034,-0.008748370398095345,7641877.5,0.5216,0.4784,0.0,1.5735958683021183,1.238639105606037,1.7377950210151836,-1.9762530878954447,0.0,0.0,33.089579524680104,0.8744850128817723,1.0,-0.33778349686343745,18.0,4.0
ONDOUSDT,1768492800000,-0.3891050583657591,0,-6.104e-05,5e-05,-0.00011104,0.0020477256340535803,84300730.0,0.7933,0.2067,0.0,1.5007898894154772,0.7316435850535733,-0.6187161639597869,-1.330944458663932,0.0,0.0,56.90376569037646,0.8967945154715582,2.0,0.1318217769575535,16.0,3.0
ONGUSDT,1756094400000,2.428363283147161,1,-0.00213614,5e-05,-0.00218614,0.05197021194941788,8859306.0,0.6365,0.3635,0.0,2.082300446207243,3.7802419354838745,6.794605809128631,8.197582764056754,0.0,0.0,17.142857142857196,1.4223270658433391,3.0,0.4482071713147331,4.0,0.0
OPENUSDT,1766318400000,8.495394063459573,1,-0.00016793,5e-05,-0.00021793,0.06575862145028984,5507945.0,0.591,0.409,0.0,2.1432305279665407,5.166846071044132,9.467787114845938,10.896708286038589,0.0,0.0,2.912621359223266,1.4914461178534886,11.0,1.5392781316348119,12.0,6.0
OPENUSDT,1761364800000,-1.4834630350194538,0,-0.00956464,5e-05,-0.009614639999999999,0.005952862394983949,10173658.0,0.6353,0.3647,0.0,2.2885572139303445,1.1313330054107213,3.446540880503142,9.042694245558213,0.0,0.0,33.909287257019415,1.9142579210672597,2.0,0.19940179461615726,4.0,5.0
OPENUSDT,1761019200000,-6.352308819936482,0,-0.01899959,5e-05,-0.01904959,-0.006080390739863939,10689180.0,0.6294,0.3706,0.0,1.613704071499505,1.061728395061721,2.684395383843449,9.849704777241012,0.0,0.0,43.894389438943875,2.0435586890509936,1.0,-1.4918072878454376,4.0,1.0
OPENUSDT,1757433600000,-1.1274777232224211,0,-0.00163195,5e-05,-0.00168195,0.0013601828025484896,2661346.0,0.6922,0.3078,0.0,1.9655108473947809,2.4403874813710877,-1.6982481229889084,-6.93856828566592,0.0,0.0,63.71742112482849,2.1620814174005645,1.0,-1.344553187597177,16.0,1.0
ORBSUSDT,1768276800000,-2.589108483645464,0,-0.00426074,5e-05,-0.0043107399999999995,-0.23629312852158924,68348840.0,0.522,0.478,0.0,4.05927256398742,5.192918747162956,4.481514878268719,4.021905018403811,0.0,0.0,21.70301142263763,1.2865403346114501,5.0,0.42388167388167536,4.0,1.0
ORCAUSDT,1771506000000,-3.451373811484617,0,-0.00322551,5e-05,-0.00327551,0.007410735845340408,8021143.1,0.4132,0.5868,0.0,2.06311606938184,0.2627233148175993,-0.9712336892052112,-1.2157609491724,0.0,0.0,55.83972719522583,1.243863570733375,1.0,-1.5793036023163214,13.0,3.0
ORCAUSDT,1771376400000,-3.4955921809122334,0,-0.00793538,5e-05,-0.00798538,0.0017086590927271712,6817316.2,0.4088,0.5912,0.0,1.7391982530026506,7.084222623542937,6.307554396544692,1.5643105446118306,0.0,0.0,31.76043557168785,3.9785358374856266,5.0,4.660844012733648,1.0,2.0
ORCAUSDT,1771315200000,1.853767891015699,1,-0.01440865,5e-05,-0.01445865,0.04023735213669142,4688095.2,0.4838,0.5162,0.0,3.5443263994286087,4.8169905106190605,19.13713405238828,12.37283208991376,0.0,0.0,9.932088285229185,3.233316088980858,4.0,0.9644853073733689,8.0,1.0
ORCAUSDT,1771293600000,-5.280867370782316,0,-0.01183138,5e-05,-0.01188138,0.03761039992061129,3612548.0,0.4767,0.5233,0.0,2.441593259287637,3.3420264657587135,2.206725257928938,1.0877814318239378,0.0,0.0,32.05445544554452,3.4742899870481936,5.0,0.4327339167227568,2.0,1.0
ORDERUSDT,1763971200000,3.662420382165622,1,-0.00070365,7.36e-06,-0.00071101,0.0005975535437474864,40499220.0,0.5637,0.4363,0.0,2.4469820554649173,1.5359741309619928,5.016722408026749,12.848158131176993,0.0,0.0,31.788079470198724,1.9733848953594184,1.0,-0.4870129870129897,8.0,0.0
ORDIUSDT,1762632000000,-0.22505626406600837,0,-0.00013013,5e-05,-0.00018013,0.0025006091800744206,1663593.26,0.687,0.313,0.0,1.7169019458222028,1.5619047619047592,-0.0936855911560782,4.446620959843279,0.0,0.0,48.18181818181825,0.9270174686528755,1.0,-0.17139592458579966,20.0,5.0
PARTIUSDT,1764691200000,10.931317128321073,1,-0.00023787,0.0,0.0,0.0,0.0,0.0,0.0,0.0,6.230295751388681,0.0,0.0,0.0,0.0,0.0,0.0,0.0,0.0,0.0,16.0,1.0
PARTIUSDT,1763956800000,-1.7451136816912522,0,-0.00101971,5e-05,-0.00106971,-0.0019321735032412862,54648088.0,0.4695,0.5305,0.0,1.5288042928014554,-0.6735340729001585,6.567481402763008,16.55044165504415,0.0,0.0,39.797160243407696,3.5757023192204653,1.0,-0.6138055946870592,4.0,0.0
PEAQUSDT,1741536000000,0.0,0,-0.00073392,0.0001,-0.00083392,0.0023348604417946115,6247903.0,0.6718,0.3282,0.0,1.81132075471697,1.6578749058025466,1.1244377811094464,-2.175489485134157,0.0,0.0,37.09677419354843,0.5189028910303946,2.0,0.15117157974301262,16.0,6.0
PENDLEUSDT,1764144000000,-0.4411589364492623,0,-0.00011679,4.195e-05,-0.00015874,0.0006645834364957949,5375356.0,0.6258,0.3742,0.0,1.6154436412099504,2.2430817993416916,2.23892726533929,3.0808308410831953,0.0,0.0,17.045454545454348,0.42753240559369177,3.0,0.3485309017224067,8.0,2.0
PENGUPERP,1765123200000,-2.155667461789906,0,-0.00013948,-6.735e-05,-7.213000000000002e-05,0.0089581894028489,30610500.0,0.0,0.0,0.0,1.8261964735516378,3.1908104658583243,4.351433576103977,-3.206772703950747,0.0,0.0,38.13481071098801,1.1674428584049559,3.0,0.9627611262488506,16.0,6.0
PENGUUSDT,1768492800000,0.4015419209765475,1,-2.284e-05,4.637e-05,-6.921e-05,-0.0026266073535256102,1667438390.0,0.6302,0.3698,0.0,2.057208425538886,0.8422416585681886,-1.1039631482805197,-0.5590161316083743,0.0,0.0,59.01132852729146,1.1759441971456084,2.0,0.08202772537117212,16.0,3.0
PENGUUSDT,1765123200000,-2.7569805337796245,0,-8.584e-05,4.637e-05,-0.00013221,-0.004937145998980388,1437554240.0,0.6204,0.3796,0.0,2.1045058008813724,3.6046723854717966,4.722811548750118,-2.7913348745611777,0.0,0.0,33.23943661971832,1.3262699601112358,3.0,1.192209683290871,16.0,6.0
PHAUSDT,1772726400000,3.8445638693675086,1,-0.00245111,5e-05,-0.00250111,-0.02049891293554974,117320063.0,0.3043,0.6957,0.0,2.652238489284959,4.695953256870804,1.5107007973143063,-4.00793650793651,0.0,0.0,42.743221690590104,2.010866355636922,2.0,3.0614476273780853,16.0,3.0
PHAUSDT,1772697600000,-4.407967539653257,0,-0.00210806,5e-05,-0.0021580600000000003,0.020871569222630428,124475485.0,0.2924,0.7076,0.0,2.7477733560735262,5.0571594652199074,12.349772067965189,11.380443714050937,0.0,0.0,25.121951219512155,3.467355219476207,3.0,0.5525914634146315,8.0,3.0
PHAUSDT,1772524800000,-4.050769646232788,0,-0.01076676,5e-05,-0.01081676,0.030971288020583302,57340458.0,0.362,0.638,0.0,2.8325465148569844,5.4985754985755015,9.523809523809526,35.24470416362308,0.0,0.0,23.7048665620094,3.068940241503026,2.0,2.651083238312429,8.0,1.0
PIEVERSEUSDT,1768406400000,-2.26600985221674,0,-0.00020262,5e-05,-0.00025262,-0.00022906630054360424,18793745.0,0.6847,0.3153,0.0,4.166666666666652,2.712001619105438,3.6984062116877707,3.003856302009321,0.0,0.0,34.584013050570945,1.5256861365235743,1.0,-0.9957325746799349,16.0,2.0
PIPPINUSDT,1772697600000,-0.41425269414342525,0,-0.00046785,-0.00272162,0.00225377,0.0009056580575714959,55162325.0,0.5902,0.4098,0.0,1.6973471319107398,0.8934520564540579,3.417980876691905,-7.538371867107058,0.0,0.0,41.80301572024376,1.4378771050340688,2.0,0.37998345233351616,8.0,3.0
PIPPINUSDT,1770091200000,1.9068157312297835,1,-5.93e-05,-0.00272162,0.00266232,-0.005405686222305028,48130046.0,0.6299,0.3701,0.0,2.287107447611307,1.8967212166772711,4.662627702542169,0.3302397084780488,0.0,0.0,41.87743190661477,2.163408919552159,1.0,-0.3586095205043564,4.0,1.0
PIPPINUSDT,1769965200000,-0.27361982938999435,0,-8.96e-06,-0.00272162,0.00271266,0.004554409358540212,46956161.0,0.6202,0.3798,0.0,2.2323387450636187,-2.678571428571426,6.417356551527262,-4.2529929481222375,0.0,0.0,38.382960226037795,3.745602538456229,1.0,-1.8307129011414962,17.0,6.0
PIPPINUSDT,1769868000000,-3.9289745593470538,0,-0.00050024,-0.00272162,0.0022213800000000002,0.0006423747757879849,58180978.0,0.6204,0.3796,0.0,1.5922021788029828,1.5205606240909606,-0.07808433107756961,-3.8014567476880243,0.0,0.0,54.591836734693864,1.0974460114861262,2.0,0.08828852690591885,14.0,5.0
PIPPINUSDT,1769846400000,2.774367787871351,1,-0.00056484,-0.00272162,0.00215678,0.0007672586020872504,55804948.0,0.6368,0.3632,0.0,2.251046025104601,1.6386624521710196,0.8834214002641906,1.9311783107403526,0.0,0.0,40.47487575924911,1.2828382027989194,1.0,-0.4374088731514364,8.0,5.0
PIPPINUSDT,1769734800000,-3.0209555741827385,0,-0.00026749,-0.00272162,0.00245413,-0.0007602698392059567,47854481.0,0.5809,0.4191,0.0,1.5008167710318627,1.4628338152747156,-2.32200170301958,-0.06218701927798365,0.0,0.0,62.24999999999995,1.6060352053646285,1.0,-0.393220338983049,1.0,4.0
PIPPINUSDT,1769637600000,1.1813948880523073,1,-0.00042526,-0.00272162,0.00229636,-0.001954311905124064,50424926.0,0.3497,0.6503,0.0,1.549295774647887,2.1143146181082537,1.695086013651365,-16.441326269713024,0.0,0.0,36.572654812998216,1.5100908601998335,1.0,-0.44070512820512414,22.0,2.0
PIXELUSDT,1773190800000,-1.1625514403292208,0,-0.0015548,5e-05,-0.0016048,0.0013840038239964817,543326740.0,0.3662,0.6338,0.0,2.208201892744481,-0.7656967840735112,8.012001333481491,-0.5195666592969286,0.0,0.0,26.77345537757435,3.984420928865371,1.0,-2.2710923851608333,1.0,2.0
PIXELUSDT,1773183600000,-7.870710462797764,0,-0.01257348,5e-05,-0.01262348,0.004381859886594397,502953995.0,0.4038,0.5962,0.0,2.1000750026786674,4.335924668783519,13.21135796602115,45.340616966580974,0.0,0.0,24.00183570445158,3.149783368064406,1.0,-0.1390969398673321,23.0,1.0
PIXELUSDT,1773172800000,-4.521335396860486,0,-0.02,5e-05,-0.020050000000000002,0.07100805901869872,445233855.0,0.3952,0.6048,0.0,2.0532490974729223,5.382106244175217,2.1685114072735425,45.340616966580974,0.0,0.0,34.980124929017634,3.5706389564448404,3.0,2.782931354359933,20.0,1.0
PLAYSOUTUSDT,1773201600000,-3.9004149377593405,0,-0.00378176,0.00036524,-0.004147,-0.0003823972687564774,55209400.0,0.3986,0.6014,0.0,2.0609824957651086,1.1471740346950212,4.843387470997694,2.465986394557831,0.0,0.0,57.142857142857146,5.103734439834023,1.0,-0.44969083754918604,4.0,2.0
PLAYSOUTUSDT,1770912000000,-10.165872885531288,0,-0.0201551,0.00036524,-0.020520339999999998,0.04499049287630915,20422500.0,0.552,0.448,0.0,3.2208848957450393,0.0,3.431289281467642,-21.81561376476631,0.0,0.0,42.66009852216749,3.4101306806184435,1.0,-0.3210544102737456,16.0,3.0
PLAYSOUTUSDT,1770854400000,-1.6173147817814248,0,-0.00329964,0.00036524,-0.00366488,0.002850566716576494,7380920.0,0.4683,0.5317,0.0,1.5089328826653805,1.2522576760987347,1.0090090090090011,-0.6498109640831862,0.0,0.0,41.4035087719299,1.026111479197458,1.0,-0.1807446680322899,0.0,3.0
PLAYSOUTUSDT,1770220800000,-0.4157793327248835,0,-0.0004992,0.00036524,-0.00086444,0.001127905553870791,7526840.0,0.3718,0.6282,0.0,2.123032311516152,3.299811439346323,5.4314123810542085,7.0800304050385465,0.0,0.0,29.14230019493172,1.4450867052023129,3.0,0.3429284007066516,16.0,2.0
PLUMEUSDT,1768492800000,0.26635784597568557,1,-0.00019133,5e-05,-0.00024133,-0.0034361682762203295,219311032.0,0.6474,0.3526,0.0,1.7318567389255368,0.40697674418605007,-1.9529919382309555,-2.9448128582668325,0.0,0.0,65.75907590759081,1.0633633882041527,1.0,-0.24679750852037197,16.0,3.0
PONKEUSDT,1767614400000,0.7976071784646133,1,-0.01101147,5e-05,-0.01106147,0.046523074306168234,52320289.0,0.4279,0.5721,0.0,1.9604995643334158,5.977358490566025,12.877813504823147,30.720536212995707,0.0,0.0,13.69216241737493,2.467088530327388,9.0,1.533470952521379,12.0,0.0
PONKEUSDT,1767542400000,-9.27068501819333,0,-0.03148055,5e-05,-0.031530550000000004,0.0722551785862756,30577502.0,0.4402,0.5598,0.0,4.0836489379219545,6.59359190556493,33.523447401774405,89.1382405745063,0.0,0.0,33.05197689915592,11.778199651953807,1.0,-3.3423523794365715,16.0,6.0
PORTALUSDT,1772222400000,-5.612317298141053,0,-0.00815658,5e-05,-0.00820658,0.012305579160298914,46200867.1,0.5578,0.4422,0.0,2.2267353303836943,3.0338475034724794,4.284128745837968,14.445797807551774,0.0,0.0,35.79766536964979,2.4630541871921188,2.0,0.9592852958406627,20.0,4.0
PORTALUSDT,1766404800000,-2.0444444444444385,0,-0.00075142,5e-05,-0.0008014200000000001,-0.012196996256009233,31699188.8,0.6178,0.3822,0.0,1.9483461712732206,1.0781671159029678,6.132075471698109,6.282475200755775,0.0,0.0,24.621212121212167,1.4380952380952368,1.0,-2.431476569407612,12.0,0.0
POWERUSDT,1772488800000,3.2820983819119833,1,-0.025,0.00046574,-0.02546574,0.038477520913114974,10103785.0,0.389,0.611,0.0,6.052792913579833,-1.146116502261781,-20.448440515229525,33.87276685854037,0.0,0.0,77.01554504200058,6.239460045613638,1.0,-4.225406215188424,22.0,0.0
POWERUSDT,1772485200000,-19.526116051282276,0,-0.01563892,0.00046574,-0.01610466,0.010551564326400935,9304986.0,0.3866,0.6134,0.0,1.5852987661651508,1.4926870548001936,3.672398198109884,33.87276685854037,0.0,0.0,49.447296543637115,6.973551477211118,1.0,-0.35716927039149626,21.0,0.0
POWERUSDT,1772481600000,2.1476533990402404,1,-0.01761128,0.00046574,-0.01807702,0.005291750293675098,10145339.0,0.3384,0.6616,0.0,2.83065983056362,0.9736038188305103,23.659575405942995,33.87276685854037,0.0,0.0,20.896143167076957,5.540805732846939,1.0,-5.88486416558862,20.0,0.0
POWERUSDT,1772470800000,-1.4694433070548243,0,-0.00040904,0.00046574,-0.00087478,-0.0014047605807870967,10200203.0,0.3377,0.6623,0.0,3.260403515876221,4.089779453255377,3.4322526767872543,-4.292002306423162,0.0,0.0,33.69807638695295,1.2788424385377082,3.0,0.4246055952252865,17.0,0.0
POWERUSDT,1772427600000,-0.3473372781065114,0,-0.00032293,0.00046574,-0.00078867,-0.00776213154744259,10024475.0,0.3119,0.6881,0.0,1.538701866749975,1.9570935592075112,-2.345442883640846,-0.7899700178287807,0.0,0.0,66.09416641989941,1.4960693153000815,1.0,-0.16135998272427593,5.0,0.0
POWERUSDT,1772179200000,-17.007624597703483,0,-0.00343596,0.00046574,-0.0039017,-0.001435122431537654,11045899.0,0.3385,0.6615,0.0,4.777354636938068,6.550053006209298,6.970101760444837,-3.9484719052912864,0.0,0.0,38.96271962570305,2.9938910394660323,2.0,2.132698847277907,8.0,4.0
POWERUSDT,1772110800000,7.964012378639376,1,-0.025,0.00046574,-0.02546574,0.004142771388300124,11058784.0,0.4441,0.5559,0.0,1.7782011126174664,3.7986376395287245,4.806749186138184,54.594589566123396,0.0,0.0,35.67710397674726,4.414093866700789,2.0,2.1464556025117583,13.0,3.0
POWERUSDT,1772006400000,-2.28912899788219,0,-0.00087645,0.00046574,-0.00134219,-0.004096728490192758,13938951.0,0.3151,0.6849,0.0,3.240676266607249,3.737650779435226,0.3669004359481181,8.669139096146248,0.0,0.0,52.18694493783302,5.769745881437034,1.0,-2.4374999999999942,8.0,2.0
PROMPTUSDT,1771862400000,-1.36168625256481,0,-0.00026836,5e-05,-0.00031836,-0.002886532209360172,30534165.0,0.5941,0.4059,0.0,3.554181958663322,5.138262404393013,10.240592227020356,12.863157894736837,0.0,0.0,14.92734478203441,2.387614251072559,7.0,0.3294573643410786,16.0,0.0
PROMPTUSDT,1765641600000,-3.303547251556997,0,-0.00016863,5e-05,-0.00021862999999999999,0.012098152274753497,40043965.0,0.5239,0.4761,0.0,3.1276179838033955,6.826728377205674,7.510917030567684,14.832089552238795,0.0,0.0,24.16481069042314,2.1710958957100264,3.0,2.7399225362215023,16.0,5.0
PROMPTUSDT,1762516800000,-0.26970954356846094,0,-0.00035763,5e-05,-0.00040763,-0.00136644296310604,18074816.0,0.5805,0.4195,0.0,1.5164279696714373,-1.8929371056381035,-1.3709842439124147,-1.441570391575498,0.0,0.0,47.89297658862874,2.5696502667457004,2.0,0.4230118443316387,12.0,4.0
PROVEUSDT,1757505600000,-3.465296665659311,0,-0.00021209,5e-05,-0.00026209000000000003,0.007716068120257692,7967495.0,0.5256,0.4744,0.0,2.1506482815394143,2.966497251322484,6.080359051079298,6.421526586620933,0.0,0.0,17.150063051702332,1.1318338154240237,7.0,0.537968135733497,12.0,2.0
PTBUSDT,1770480000000,-9.301045679691805,0,-0.00210853,5e-05,-0.00215853,0.028295186315756494,1308529080.0,0.394,0.606,0.0,9.5964774715001,7.178670441809707,6.882352941176478,35.05277240969228,0.0,0.0,35.90123456790121,3.7483292711691174,1.0,-0.5637857614106712,16.0,5.0
PTBUSDT,1761062400000,-1.5686274509803964,0,-0.00545289,5e-05,-0.00550289,-0.02170188778301165,62164310.0,0.6495,0.3505,0.0,1.720269259536283,2.848500126039844,2.4353502385136974,0.09813542688912,0.0,0.0,28.22299651567951,1.1257002801120468,1.0,-0.09962640099625995,16.0,1.0
PTBUSDT,1757347200000,7.1904994306165735,1,-0.00028042,5e-05,-0.00033042,0.03448431615605193,89320800.0,0.3723,0.6277,0.0,7.5778788939446855,9.630818619582655,16.575004741134077,12.520593080724876,0.0,0.0,7.507820646506772,2.114852773710754,2.0,1.9265073135925874,16.0,0.0
PTBUSDT,1757116800000,6.565457413249211,1,-0.00544739,5e-05,-0.00549739,0.0049536555595795576,179118970.0,0.3041,0.6959,0.0,1.7656500802568194,2.6512851649463642,3.806794924273435,6.219895287958116,0.0,0.0,33.559322033898255,1.6758675078864336,2.0,1.1774259033698826,0.0,5.0
PTBUSDT,1756915200000,-0.8160237388724089,0,-0.00487708,5e-05,-0.0049270799999999995,0.008221196713599737,29105390.0,0.4277,0.5723,0.0,1.9281663516068055,4.012345679012356,-6.518723994452149,-5.997210599721058,0.0,0.0,60.55900621118014,4.607354811360747,1.0,-0.6386175807663411,16.0,2.0
PUFFERUSDT,1765036800000,-10.528027756695229,0,-0.00336517,0.0001,-0.0034651699999999996,0.018204195094956035,28592080.0,0.4947,0.5053,0.0,1.7766497461928936,4.3561891830731,7.871345029239765,18.016634676903404,0.0,0.0,26.3035019455252,2.547203420021375,3.0,1.8316664793797128,16.0,5.0
PUFFERUSDT,1765008000000,0.7677323249684931,1,-0.00640932,0.0001,-0.00650932,0.015884028746817866,31666437.0,0.4369,0.5631,0.0,1.6303714917899133,-0.30843043180261176,-2.860641139804099,-1.6232668244842712,0.0,0.0,63.515151515151494,1.6885200281556414,1.0,-1.3442095588235343,8.0,5.0
PUMPBTCUSDT,1766620800000,3.761348897535672,1,-0.00456986,5e-05,-0.00461986,0.016304937798073512,28086400.0,0.6431,0.3569,0.0,1.5475798485347323,3.8733580330077406,10.418904403866808,11.416184971098264,0.0,0.0,7.734806629834239,2.1539744302390225,7.0,1.470096892749759,0.0,3.0
PUMPBTCUSDT,1766592000000,-1.6612495485734873,0,-0.00081733,5e-05,-0.00086733,0.0894335441814926,25369530.0,0.6321,0.3679,0.0,4.608991310918016,4.215280391418892,3.0517305545217632,4.569486404833834,0.0,0.0,29.411764705882405,1.506474745911366,1.0,-0.5261180007516018,16.0,2.0
PUMPBTCUSDT,1759233600000,-17.38379396984925,0,-2.56e-05,5e-05,-7.56e-05,0.0038780803369941326,83409720.0,0.7553,0.2447,0.0,1.8880000000000008,0.6162110917996547,-14.351042367182245,-12.969796364630312,0.0,0.0,71.29258517034066,6.404791816223974,1.0,-1.341752170481458,12.0,1.0
PUMPBTCUSDT,1758628800000,-1.6972878390201203,0,-7.05e-05,5e-05,-0.0001205,0.0009510965462693436,63250320.0,0.7757,0.2243,0.0,1.681345076060851,1.6090319139478992,0.4217185028993097,11.960035263003231,0.0,0.0,41.28937007874015,3.624546931633544,2.0,1.3433104940497578,12.0,1.0
PUMPFUNUSDT,1768492800000,0.7730147575544583,1,-0.0001613,5e-05,-0.00021129999999999999,-0.0015728275399279335,19031930800.0,0.6842,0.3158,0.0,2.7807872878295345,1.5340706386015008,-2.0646937370956695,-0.2453557658604999,0.0,0.0,60.69182389937108,1.5861861258909733,2.0,0.0,16.0,3.0
PYRUSDT,1770620400000,-3.591836734693875,0,-0.00056793,-0.00096909,0.00040116,0.000411663807890223,2245474.0,0.6084,0.3916,0.0,1.519337016574587,1.32340777502067,0.35499726925176617,-7.636738906088755,0.0,0.0,40.983606557377065,1.4557823129251684,1.0,-0.8490824431662537,7.0,0.0
PYTHUSDT,1769529600000,3.0274361400189074,1,-0.00028977,-7.76e-05,-0.00021217000000000002,0.029607555383966994,69901172.0,0.6985,0.3015,0.0,1.5207299503761909,4.257767548906792,8.76350540216087,8.317677198975245,0.0,0.0,2.9605263157894655,1.4146055773302701,4.0,0.5634256278171219,16.0,1.0
RAREUSDT,1768723200000,-4.961832061068709,0,-0.00335947,5e-05,-0.00340947,0.02958088603385768,50964398.0,0.5507,0.4493,0.0,1.8134715025906782,0.3831417624521138,1.452081316553735,8.788927335640153,0.0,0.0,46.98795180722886,2.449109414758271,1.0,-0.38709677419354377,8.0,6.0
RAREUSDT,1760227200000,-7.5285565939771555,0,-0.001584,5e-05,-0.0016339999999999998,0.01104488979918624,28120327.0,0.6544,0.3456,0.0,1.9857029388403513,4.446854663774391,1.9047619047619004,12.139737991266376,0.0,0.0,38.26305852737572,6.914775255896751,2.0,3.0840611353711767,0.0,6.0
RAREUSDT,1760140800000,1.7246785826277673,1,-0.01496257,5e-05,-0.01501257,0.005589771915012149,32981812.0,0.6675,0.3325,0.0,2.342747111681648,-2.5664527956003678,17.98002219755828,-31.13798315698552,0.0,0.0,23.019271948608164,5.142677955471936,2.0,0.5810200129115545,0.0,5.0
RAVEUSDT,1772092800000,6.082358596378785,1,-0.00020502,0.00021369,-0.00041871,-0.005001818347947687,6577332.0,0.6787,0.3213,0.0,2.8917172250065946,4.746399919438752,6.749452654625057,11.410618015637827,0.0,0.0,42.507204610951,2.392473733604964,5.0,1.3907461888205392,8.0,3.0
REQUSDT,1741536000000,0.10224077702990127,1,-0.00385351,-0.00480148,0.0009479700000000002,0.0011813445505220255,6991818.0,0.5468,0.4532,0.0,1.8659954868946356,1.3032970826859982,0.23913229139978007,1.1897577377360171,0.0,0.0,51.02803738317756,1.4350223347411701,1.0,-0.25106051424119,16.0,6.0
REQUSDT,1741075200000,-0.3739906502337525,0,-0.0027459,-0.00480148,0.0020555800000000004,0.015730861214542466,6471330.0,0.5289,0.4711,0.0,2.1799548375890208,2.339944328462072,2.6703900863949794,4.829368261605638,0.0,0.0,32.78688524590157,1.5621395179406221,2.0,0.5677351733775978,8.0,1.0
RESOLVPERP,1769619600000,0.8337420304070657,1,-0.00145182,5e-05,-0.0015018199999999998,0.00280152589777232,3006766.0,0.0,0.0,0.0,2.0622684953448713,-0.7012759325995894,-2.3934897079942576,-11.212172730363816,0.0,0.0,61.80995475113123,3.15981223288727,1.0,-0.9715475364330274,17.0,2.0
RESOLVPERP,1769414400000,4.865214927547954,1,-0.00019551,5e-05,-0.00024551,0.07534393683199325,1101492.0,0.0,0.0,0.0,2.6422933111757394,4.5181487435485215,8.865779501189742,16.274472891566262,0.0,0.0,18.917018284106888,1.8884944085300246,6.0,1.2280259062999437,8.0,0.0
RESOLVPERP,1768932000000,0.7405982494950397,1,-0.004703,5e-05,-0.004752999999999999,0.0007104863111025522,1371866.0,0.0,0.0,0.0,2.3427502706959418,0.5512572533849139,7.218727441476752,2.2855416834474367,0.0,0.0,26.327557294577986,2.958957941164349,1.0,-0.40196078431371934,18.0,1.0
RESOLVPERP,1768856400000,-0.09741841207988589,0,-0.00370295,5e-05,-0.00375295,0.046023994315428834,2128640.0,0.0,0.0,0.0,2.088513177523625,0.5780913188320665,4.819769222914328,6.457223611262094,0.0,0.0,31.95053849222178,3.519588059286062,1.0,-2.397592700446515,21.0,0.0
RESOLVPERP,1768852800000,4.21729807005003,1,-0.00100648,5e-05,-0.0010564799999999998,0.0425578007529185,1886500.0,0.0,0.0,0.0,1.8830628381190242,7.650873914477309,9.480156512017889,6.457223611262094,0.0,0.0,12.144053601340076,1.6002684132981302,3.0,2.6923076923076863,20.0,0.0
RESOLVUSDT,1772870400000,2.5928367391782037,1,-5.605e-05,-0.00034411,0.00028806000000000003,0.004597176163248525,85771873.0,0.4149,0.5851,0.0,1.903269144648463,0.5523641184268674,0.1320132013201419,17.35430634347602,0.0,0.0,50.884955752212356,1.720187086040743,1.0,-1.1728258464262065,8.0,5.0
RESOLVUSDT,1770814800000,3.5517452541335004,1,-0.0005926,-0.00034411,-0.00024849,0.005118770292258372,75003408.0,0.6049,0.3951,0.0,1.5863141524105864,0.6471494607087884,3.1259867382380957,4.521452145214509,0.0,0.0,39.65360072926156,2.325911993701335,2.0,0.4844506954211452,13.0,2.0
RESOLVUSDT,1770584400000,-0.7821901323706267,0,-0.00064606,-0.00034411,-0.00030194999999999994,0.01128638692321842,59704710.0,0.6146,0.3854,0.0,2.261190586063681,0.4836759371221295,-3.118624307781992,-8.040739748056827,0.0,0.0,73.4065934065933,2.8569279697438574,1.0,-1.7827466384650257,21.0,6.0
RESOLVUSDT,1770490800000,5.466321243523318,1,-9.316e-05,-0.00034411,0.00025095,0.0011200961955340734,46489097.0,0.5875,0.4125,0.0,1.5522230991844257,1.6725931779270478,1.9680359265618879,-1.3861899209742214,0.0,0.0,13.302752293577441,0.3192079940784586,1.0,-0.1313715186547412,19.0,5.0
RESOLVUSDT,1769414400000,4.725425368921876,1,-0.00123155,-0.00034411,-0.0008874400000000001,0.023397977533156523,73487201.0,0.5018,0.4982,0.0,3.1954730798036084,4.552735857010372,9.626944837340874,16.78124117148506,0.0,0.0,19.70209884901827,2.0948771412443694,6.0,1.0511268079381106,8.0,0.0
RESOLVUSDT,1768852800000,5.868616103157689,1,-0.00186955,-0.00034411,-0.0015254399999999999,0.032005467562601975,93433034.0,0.5307,0.4693,0.0,1.808972503617932,7.886953664147221,10.204766700234966,7.03108019995652,0.0,0.0,10.625535561268151,1.77320395109003,3.0,3.398888413852076,20.0,0.0
REZUSDT,1760256000000,-0.1930501930501852,0,-0.00112447,5e-05,-0.00117447,0.02243254808185012,167248686.0,0.7111,0.2889,0.0,2.4727992087042554,3.084577114427856,4.225352112676059,6.694129763130788,0.0,0.0,18.840579710144922,0.903199117484831,5.0,0.29761904761903546,8.0,6.0
REZUSDT,1760212800000,-2.5746652935118455,0,-0.00070767,5e-05,-0.00075767,0.00045888861676610354,163689948.0,0.7251,0.2749,0.0,1.5690376569037559,-0.6141248720573111,-3.8613861386138586,-4.523107177974437,0.0,0.0,70.87378640776699,1.3094012064145975,1.0,-1.7471736896197325,20.0,5.0
RIVERUSDT,1771574400000,-0.8168316831683257,0,-0.00021993,0.00079988,-0.00101981,-0.007863955088022042,2449078.6,0.7647,0.2353,0.0,1.7760423227106688,1.22776246554748,-2.814529708924705,0.4725192738124877,0.0,0.0,59.336099585062215,1.6743281471004245,1.0,-0.40145527537322834,8.0,4.0
RIVERUSDT,1771434000000,0.18179752300874916,1,-0.00146066,0.00079988,-0.00226054,-0.0021384251926236577,2245535.4,0.7402,0.2598,0.0,1.639912230049653,3.346641615782059,-4.3161556860187025,1.4671814671814771,0.0,0.0,62.19709208400646,2.550846494716507,4.0,0.604159405135371,17.0,2.0
RIVERUSDT,1771362000000,4.276247670325122,1,-0.00954412,0.00079988,-0.010343999999999999,-0.0038230288991324014,1999035.6,0.7512,0.2488,0.0,1.7917369308600333,3.8048151332760014,-10.94513600737668,-4.976780863927098,0.0,0.0,68.60943934114667,4.61941247818241,4.0,0.9039668191002773,21.0,1.0
RIVERUSDT,1770858000000,2.970176506390746,1,-0.00246221,0.00079988,-0.0032620899999999996,-0.0029487857658090514,1244020.8,0.6832,0.3168,0.0,2.2465617026572944,2.8353257808099106,4.277735465854274,-8.128279883381916,0.0,0.0,30.855539971949554,1.9520041735501255,5.0,0.29960676611945736,1.0,3.0
RIVERUSDT,1770786000000,3.112090333241518,1,-3.29e-05,0.00079988,-0.00083278,0.0013401145503999477,1166760.39999999,0.63,0.37,0.0,1.7656950672645813,0.8387025105532093,1.339659503209612,4.296442917855269,0.0,0.0,39.794520547945154,1.5064720462682488,1.0,-1.0757458134634528,5.0,2.0
RIVERUSDT,1770130800000,4.457788767220065,1,-0.00013232,0.00079988,-0.0009322,-0.015716959937936308,1364147.0,0.6633,0.3367,0.0,2.3573649576975826,5.634328358208948,6.733524355300852,-0.4210671636639742,0.0,0.0,32.5940594059406,2.967149417167079,4.0,1.7361877436916109,15.0,1.0
RIVERUSDT,1769526000000,3.1725158214843425,1,-0.00356344,0.00079988,-0.00436332,-0.007264206758242664,848201.9,0.5169,0.4831,0.0,3.323822140697715,-0.7213146857711705,1.8227161650989163,-8.313241839762597,0.0,0.0,45.4836771480072,3.8990712583216887,1.0,-4.005869405722671,15.0,1.0
RIVERUSDT,1769468400000,-1.4786534915606884,0,-0.01881783,0.00079988,-0.01961771,0.0036858307172287683,790268.7,0.3971,0.6029,0.0,2.519236594971213,3.3596403352310213,3.714418809914925,-6.989337890201922,0.0,0.0,31.918656056587025,1.9669789337890116,2.0,1.2526992540243431,23.0,0.0
RIVERUSDT,1769410800000,1.66984972608937,1,-0.00133414,0.00079988,-0.00213402,0.007216128436134295,873691.4,0.3386,0.6614,0.0,2.555247728883435,4.290169562596642,2.9798796661706635,7.169175402016503,0.0,0.0,33.36974993930565,1.7455969672384208,2.0,1.7290197414990989,7.0,0.0
RIVERUSDT,1769162400000,-2.467923999158673,0,-0.00136738,0.00079988,-0.00216726,-0.006454857909296672,995568.0,0.4144,0.5856,0.0,2.9224996391975835,4.200759789596731,-6.226166995397767,-9.277382271728309,0.0,0.0,67.28775751213746,4.189160765617335,3.0,0.4809667673715965,10.0,4.0
RIVERUSDT,1769112000000,-1.6415685354863512,0,-0.00866815,0.00079988,-0.009468029999999999,0.012347265233420968,1058961.2,0.3511,0.6489,0.0,2.5121917714128736,1.3015000339374125,5.350556761430809,16.00373083574606,0.0,0.0,34.19847328244276,2.7965292550963987,2.0,0.13583919390615168,20.0,3.0
RIVERUSDT,1769032800000,0.42566776630840236,1,-0.00628811,0.00079988,-0.007087990000000001,0.0011090733199831553,1268408.89999999,0.2829,0.7171,0.0,1.7696239819788602,0.5887390280453834,10.750990005657176,-2.9147286821705327,0.0,0.0,17.945205479452085,2.688243968439776,1.0,-2.382915741621741,22.0,2.0
RIVERUSDT,1768996800000,-3.863454828267543,0,-0.01641049,0.00079988,-0.01721037,-0.08614927029409042,1404246.7,0.288,0.712,0.0,4.793162694391811,5.04769475357711,9.516574585635361,18.281494741552926,0.0,0.0,15.01407569596492,2.2719492640037475,1.0,-0.743364379728008,12.0,2.0
RIVERUSDT,1768964400000,2.0153812588633064,1,-0.00113679,0.00079988,-0.00193667,0.004070820736020535,1368936.1,0.264,0.736,0.0,1.5593408115219567,0.9609295410115823,4.229675952245593,2.9943211151264757,0.0,0.0,28.909266409266493,1.8020773270582362,2.0,0.09703354588299581,3.0,2.0
RIVERUSDT,1768442400000,-13.973902728351122,0,-0.01210114,0.00079988,-0.01290102,-0.0032203419738490585,1254044.7,0.3799,0.6201,0.0,2.148800387753454,-0.9245475201755098,9.575389948006936,-27.127786692158008,0.0,0.0,30.87705246295559,4.093091566401176,1.0,-2.5275590551181084,2.0,3.0
RIVERUSDT,1768388400000,0.8025264722273865,1,-0.00314181,0.00079988,-0.00394169,-0.007073188247631137,1688169.3,0.2663,0.7337,0.0,3.2175180242368406,4.378344838284331,7.359393697646585,10.799195318215078,0.0,0.0,23.160116064362967,1.85318860964412,3.0,0.18826603142889878,11.0,2.0
RLCUSDT,1760371200000,-4.107843137254907,0,-0.00078619,0.0001,-0.00088619,-0.015733991943800714,911938.5,0.6596,0.3404,0.0,1.9694091772468312,-0.1761597181444533,13.80118263974116,14.362596703666327,0.0,0.0,30.105465004793857,5.3039215686274535,2.0,0.29075596551032823,16.0,0.0
RLCUSDT,1756339200000,-0.912590017382663,0,-0.01216969,0.0001,-0.01226969,0.056843848505060676,3356849.1,0.5431,0.4569,0.0,2.926517571884988,10.46495679604993,16.860127684271614,46.81006197593876,0.0,0.0,20.980866505388164,4.926567100642094,3.0,2.4415788440138697,0.0,3.0
ROAMUSDT,1770105600000,2.620671212728982,1,-0.00033012,5e-05,-0.00038012,0.011078153035021868,23085996.0,0.4179,0.5821,0.0,2.014185687005542,6.914133231678249,-0.9928514694201878,0.8404494382022457,0.0,0.0,55.66276131403631,2.971494788582634,3.0,3.098485913842396,8.0,1.0
ROBOUSDT,1772870400000,-2.286759661559572,0,-0.00313323,5e-05,-0.00318323,0.012156219041409556,98980700.0,0.5508,0.4492,0.0,2.412177985948469,4.143843772326741,10.095669687814702,13.172877846790884,0.0,0.0,16.160220994475182,2.5562706216719464,3.0,0.9456264775413818,8.0,5.0
ROBOUSDT,1772841600000,-0.2743826390621077,0,-0.00046917,5e-05,-0.00051917,-0.0023721430269834517,92220340.0,0.5272,0.4728,0.0,3.0856261249678574,5.583355280484604,5.890121500264138,3.6452947259565707,0.0,0.0,15.789473684210591,1.1598902469443755,6.0,1.0917598128411845,0.0,5.0
ROBOUSDT,1772755200000,0.0,0,-0.00036342,5e-05,-0.00041342,-0.005110615222980492,99685260.0,0.5277,0.4723,0.0,2.8992878942014295,3.187962254526909,2.2233451237999136,-1.5571776155717634,0.0,0.0,32.47863247863242,0.9621495657086369,3.0,0.22941626306398114,0.0,4.0
ROBOUSDT,1772568000000,1.5309246785058188,1,-0.00197511,5e-05,-0.00202511,0.005651440387658402,105231950.0,0.5675,0.4325,0.0,1.5126398673850012,0.8855024711696866,4.434022596461306,10.661847752428285,0.0,0.0,28.604118993135103,1.599451783162748,2.0,0.0,20.0,1.0
ROBOUSDT,1772193600000,4.9117421335379845,1,-0.00031408,5e-05,-0.00036408,-0.015484260153983976,49189990.0,0.5746,0.4254,0.0,2.1159874608150426,0.051190171487072396,-1.8332496233048758,17.316926770708275,0.0,0.0,50.9829619921363,5.436172934254283,1.0,-4.156234351527295,12.0,4.0
ROSEUSDT,1768867200000,-7.660497251500326,0,-0.00320395,-9.991e-05,-0.00310404,0.03800866434738185,204150052.0,0.596,0.404,0.0,1.953827960306434,0.24265709519235343,5.698294243070365,13.308571428571414,0.0,0.0,41.44427001569857,2.8317111301628914,1.0,-0.3841425937307861,0.0,1.0
RPLUSDT,1771610400000,-2.3242233123102025,0,-9.301e-05,5e-05,-0.00014301,-0.002271375555857863,829075.99,0.4575,0.5425,0.0,2.686495562485015,2.7111324376199653,3.702208405668371,-3.9480928037750704,0.0,0.0,24.786986831913268,1.3653908187895554,1.0,-0.4536771728748837,18.0,4.0
RPLUSDT,1771516800000,-6.315301651499837,0,-0.00015961,5e-05,-0.00020961,0.008953250124866134,868326.91,0.4668,0.5332,0.0,1.566110397946083,0.5634876922425153,4.398311048557358,1.626990923103282,0.0,0.0,29.911504424778755,1.2915884250565755,1.0,-0.3284002217767654,16.0,3.0
RPLUSDT,1771347600000,0.9594973252950741,1,-0.00047618,5e-05,-0.00052618,-0.013859106423792318,1374585.46,0.3544,0.6456,0.0,1.6222279748036867,-1.837882892269233,-4.02575177247169,-0.4583248833907875,0.0,0.0,67.38811445341165,1.88230085275173,1.0,-3.0574260738633874,17.0,1.0
RPLUSDT,1771336800000,3.2680789484262633,1,-0.00203557,5e-05,-0.00208557,-0.02305823289806564,1513495.37,0.3337,0.6663,0.0,2.097184601493882,2.9378905118549974,3.1684153775971295,-6.712323583941881,0.0,0.0,38.630344305713194,1.6397820132193222,1.0,-0.18434312400148173,14.0,1.0
RPLUSDT,1771272000000,12.177729018102019,1,-0.04,5e-05,-0.04005,0.05489593463404781,1037597.73,0.4289,0.5711,0.0,2.515558221489088,2.4425879444049143,13.483565737051789,50.470478181918246,0.0,0.0,14.322676030308585,4.183057754094508,2.0,1.3989203983882152,20.0,0.0
SAHARAPERP,1773018000000,4.686959529574549,1,-0.00663409,5e-05,-0.006684089999999999,0.00390625,3618560.0,0.0,0.0,0.0,1.8405988551298909,1.9843019666637225,8.373553254299239,-1.3817005545286536,0.0,0.0,20.905242591989648,2.194618767603893,1.0,-0.3204143440284429,1.0,0.0
SAHARAPERP,1772499600000,-4.629042485732413,0,-0.00117076,5e-05,-0.00122076,0.0007126805778491171,6234440.0,0.0,0.0,0.0,2.100568304438534,2.8851032982964897,7.661382082985667,4.9852671816516665,0.0,0.0,31.73473210940425,2.5435073627844687,1.0,-1.2046480224583314,1.0,1.0
SAHARAPERP,1772445600000,7.689899424725087,1,-0.00494802,5e-05,-0.00499802,0.0035886424228097134,6113300.0,0.0,0.0,0.0,1.9754170324846312,2.4332558325984124,6.590747924748667,-2.6168605837926076,0.0,0.0,20.519385515727848,1.7244271010952013,2.0,0.45702373316228156,10.0,0.0
SAHARAPERP,1772416800000,1.2594970137732144,1,-0.00282239,5e-05,-0.0028723900000000003,-0.001809999937586209,6397240.0,0.0,0.0,0.0,2.128630705394189,1.2755626877340154,1.6688008591845926,1.0816423657681682,0.0,0.0,42.773892773892776,1.7557504454672617,1.0,-0.6758984503791665,2.0,0.0
SAHARAPERP,1772377200000,0.30430134057077535,1,-0.00467236,5e-05,-0.00472236,0.02009896650364492,7075080.0,0.0,0.0,0.0,1.868297587131361,2.202235857779273,3.6617076601730623,13.975826094949209,0.0,0.0,39.99207292905273,1.430451282412789,3.0,0.0,15.0,6.0
SAHARAUSDT,1772359200000,6.84612123781264,1,-0.00284822,-0.00022977,-0.00261845,0.008651993022391306,412375902.0,0.5744,0.4256,0.0,2.2939161354667976,0.2763018065887315,2.9456687759109688,3.7206451004432783,0.0,0.0,40.68462401795732,2.599769878277719,1.0,-1.0894274072485408,10.0,6.0
SAHARAUSDT,1772290800000,-3.2812273145235515,0,-0.00422981,-0.00022977,-0.00400004,0.049428609565300416,457302049.0,0.5367,0.4633,0.0,6.89601655457838,6.7028143557965425,8.087042946068957,-5.72883513685551,0.0,0.0,20.136003022289344,1.680712937548826,2.0,0.9399477806788492,15.0,5.0
SAHARAUSDT,1772200800000,-0.8757689678742323,0,-0.00578557,-0.00022977,-0.0055558000000000005,0.00880228277162948,395931976.0,0.4035,0.5965,0.0,1.8580566554980213,5.56983718937448,-0.6367263774513854,30.01809227057997,0.0,0.0,52.13921525160717,3.381932916707353,3.0,2.557122456265622,14.0,4.0
SAHARAUSDT,1772190000000,4.4812408300146735,1,-0.01211696,-0.00022977,-0.011887189999999999,0.02553884824667238,312997007.0,0.5274,0.4726,0.0,1.8530378719952196,2.6507164680063773,10.654977270618797,22.539721640596134,0.0,0.0,26.71920877762325,4.256370332664611,1.0,-2.5789276652385467,11.0,4.0
SAHARAUSDT,1772186400000,7.797569347805912,1,-0.01291659,-0.00022977,-0.01268682,0.07433995322120494,270672202.0,0.5833,0.4167,0.0,2.59851513420903,0.10215453194651368,11.479987589202604,22.539721640596134,0.0,0.0,26.02310554141377,3.616158403244405,2.0,0.8156606851549756,10.0,4.0
SAHARAUSDT,1769648400000,0.3358613217768123,1,-0.00244474,-0.00022977,-0.00221497,-0.0021369367558411907,108654020.0,0.6023,0.3977,0.0,1.6146788990825667,1.6295970050649633,12.041757708181596,3.271906731854076,0.0,0.0,30.69371727748694,4.807821286694528,2.0,0.8474889900447801,1.0,3.0
SAPIENUSDT,1771747200000,6.033953773777856,1,-0.00035167,5e-05,-0.00040167,0.02663462100900877,11092360.0,0.5631,0.4369,0.0,1.5368639667705182,0.3901437371663299,4.054485474087484,6.851710195607051,0.0,0.0,24.799999999999983,1.5026444204190166,1.0,-0.485687713134234,8.0,6.0
SAPIENUSDT,1767427200000,-4.837781868384723,0,-0.0023054,5e-05,-0.0023554,0.038786442086279564,17602631.0,0.512,0.488,0.0,1.8037011009604118,3.574833174451862,4.483711984613532,11.95260175167439,0.0,0.0,29.59927140255016,2.082374597330878,3.0,0.6068461674424104,8.0,5.0
SAPIENUSDT,1762473600000,-6.237546565017762,0,-0.00074243,5e-05,-0.00079243,-0.026467222545730446,12471870.0,0.3483,0.6517,0.0,1.77217421971433,-0.5742341152487874,-1.2659310580788639,2.936892482387563,0.0,0.0,46.515234446268934,4.565331287154032,2.0,0.6597047599325533,0.0,4.0
SCRTUSDT,1768795200000,-5.60242395437262,0,-0.00313474,5e-05,-0.00318474,0.05828374393154613,8653869.9,0.5513,0.4487,0.0,1.728514444578751,5.232885276648945,12.205852943137119,17.345231455660894,0.0,0.0,5.944215820759013,2.295372759369905,2.0,3.8408434793523196,4.0,0.0
SCRTUSDT,1762200000000,-0.36726128016787957,0,-0.00047744,5e-05,-0.00052744,-0.015213203465928707,8529034.19999999,0.5624,0.4376,0.0,2.4731182795698885,4.5529347229840935,3.5869565217391277,22.967741935483865,0.0,0.0,32.4528301886792,2.4246739619247495,4.0,0.9771986970684018,20.0,0.0
SCRTUSDT,1761955200000,1.5498652291105097,1,-0.00024813,5e-05,-0.00029813,-0.0018046450683242177,5244847.4,0.6347,0.3653,0.0,1.6438356164383654,2.4154589371980695,4.360056258790444,4.21348314606742,0.0,0.0,17.924528301886866,1.0204081632653033,6.0,0.34364261168384913,0.0,5.0
SENTUSDT,1772132400000,-1.8470525319840447,0,-0.00011686,-3.739e-05,-7.947e-05,0.01220702101439127,214874920.0,0.4959,0.5041,0.0,2.332140601978541,2.509066374293674,4.218649517684897,0.34766386839651575,0.0,0.0,18.999366687777126,0.8818015667330736,1.0,-0.09672806796199086,19.0,3.0
SENTUSDT,1770714000000,-4.581594116477845,0,-0.00841296,-3.739e-05,-0.00837557,0.005845542353359863,272628540.0,0.5184,0.4816,0.0,1.8386694106136783,4.269430051813475,6.834188639178914,6.542232277526397,0.0,0.0,25.056603773584897,2.1048073373654783,4.0,0.826586842642357,9.0,1.0
SENTUSDT,1770652800000,0.2474211107304598,1,-0.0009258,-3.739e-05,-0.00088841,0.000497952886539954,254729180.0,0.5225,0.4775,0.0,2.003494467093765,1.979736811459183,1.452017764047105,1.046194084387853,0.0,0.0,37.53731343283582,0.7052861112470565,2.0,0.29205607476635,16.0,0.0
SENTUSDT,1770307200000,-0.24446889133358904,0,-0.00322053,-3.739e-05,-0.00318314,-0.004275593127990912,290573790.0,0.5033,0.4967,0.0,2.0392890551917735,0.6242120476000178,-1.3594574227581009,3.328070729396926,0.0,0.0,54.20866248978474,1.7918260079976298,1.0,-1.0734776975754243,16.0,3.0
SENTUSDT,1770076800000,-8.637693163875444,0,-0.00321082,-3.739e-05,-0.00317343,0.012900067020661515,274713560.0,0.4881,0.5119,0.0,1.8749011128105146,1.404273190193713,2.047123461355586,9.50707219592393,0.0,0.0,27.503461005999014,1.385011333759809,1.0,-0.015819447373987553,0.0,1.0
SENTUSDT,1769986800000,9.888918992143052,1,-0.00215699,-3.739e-05,-0.0021196,0.0067784557385816594,293178890.0,0.4159,0.5841,0.0,1.7589325099250102,4.124351162265849,2.1051758001604406,-4.145189003436435,0.0,0.0,38.24339207048459,1.397414560513994,2.0,2.724440668365895,23.0,6.0
SENTUSDT,1769904000000,-14.907537921023295,0,-0.00486954,-3.739e-05,-0.00483215,0.016914070643230836,340684030.0,0.4642,0.5358,0.0,3.5622467209900157,3.5171392482250936,6.202381750340731,13.397905384450212,0.0,0.0,28.54514229636895,3.1265496752632016,2.0,0.1527450466963442,0.0,6.0
SENTUSDT,1769828400000,-6.00285962074866,0,-0.009362,-3.739e-05,-0.00932461,0.01884031369155479,359239060.0,0.4279,0.5721,0.0,1.8793581048810848,1.2362963314508106,-1.8248343151693713,-2.093788335006119,0.0,0.0,56.46045418950668,2.0695416905247455,1.0,-0.3403222351793337,3.0,5.0
SENTUSDT,1769738400000,2.8538362397748562,1,-0.00539665,-3.739e-05,-0.00535926,0.005908713243437477,363990130.0,0.4402,0.5598,0.0,2.8958835151154143,0.7392686804451365,-2.6975149079927303,-0.5221055202735847,0.0,0.0,47.44544970729111,5.2299038450699475,2.0,0.344902503937869,2.0,4.0
SENTUSDT,1769140800000,6.582978405439735,1,-2.38e-05,-3.739e-05,1.359e-05,-0.023982027825569047,89802340.0,0.5394,0.4606,0.0,2.910530970048832,4.006217213911019,-3.736737996763166,-10.132957292506042,0.0,0.0,62.13786213786211,3.1596588422412233,4.0,0.4014668982821846,4.0,4.0
SHELLUSDT,1771200000000,-0.8410934214478897,0,-8.44e-06,5e-05,-5.844e-05,0.007643825253978747,11471636.0,0.6298,0.3702,0.0,1.6178266178266263,2.1792510742787057,0.8787878787878746,5.783285668891015,0.0,0.0,36.14457831325303,0.7080633394841845,4.0,0.5524861878453027,0.0,0.0
SHELLUSDT,1762228800000,6.4498838663569815,1,-0.00111144,5e-05,-0.00116144,0.008743170073502725,16342406.0,0.5933,0.4067,0.0,1.7358902117604245,3.189528023598825,6.986523941508168,7.925183185499413,0.0,0.0,5.09950248756212,1.139003037341433,7.0,0.3831767174527905,4.0,1.0
SIGNUSDT,1772712000000,-1.088646967340579,0,-5.797e-05,5e-05,-0.00010797000000000001,-0.011749128749337243,159121030.0,0.4765,0.5235,0.0,1.5797788309636667,3.2102728731942127,-1.4408338442673363,-1.1681524746388112,0.0,0.0,55.0432276657061,1.5596534103532531,1.0,-1.0937500000000095,12.0,3.0
SIRENUSDT,1772164800000,1.909670499910615,1,-0.00010122,-0.00031869,0.00021747,-0.002546148645885821,12538352.0,0.3841,0.6159,0.0,1.5612708018154304,1.1969007205523317,-7.798379343496764,1.7860933377808794,0.0,0.0,59.2841398131626,4.270052178650162,2.0,0.37050534499514054,4.0,4.0
SIRENUSDT,1771948800000,0.039779681762551714,1,-0.00015638,-0.00031869,0.00016231,-0.01270847342068312,14949902.0,0.2863,0.7137,0.0,1.6263954970923769,-7.9099388508468,1.1702061791839533,15.159630699837907,0.0,0.0,51.07031051696423,6.159730722154227,1.0,-5.303610342187399,16.0,1.0
SIRENUSDT,1771156800000,-1.7123068043352823,0,-0.0001144,-0.00031869,0.00020428999999999998,-0.001052142326779314,14711600.0,0.646,0.354,0.0,1.5962991920771485,1.1481577581733404,3.8979211087420187,9.763480219625526,0.0,0.0,37.27865796831308,2.1351155738380765,1.0,-1.8481805973012748,12.0,6.0
SKLUSDT,1772208000000,-4.342889582741979,0,-0.00068745,0.0001,-0.0007874500000000001,0.021777005282896875,65816837.0,0.6177,0.3823,0.0,2.264150943396225,2.816284838756756,6.984512602490136,6.741402817754887,0.0,0.0,17.377567140600206,1.2671830015003431,1.0,-0.7919366450683872,16.0,4.0
SKLUSDT,1757952000000,-4.453152832205205,0,-0.00226571,0.0001,-0.00236571,0.022156066302914616,155551933.0,0.715,0.285,0.0,3.4266764922623443,4.465947152958689,4.543761638733715,4.3882484194868,0.0,0.0,22.43902439024383,0.8779072726347419,2.0,1.2686567164179106,16.0,0.0
SKLUSDT,1755244800000,-3.2891832229580538,0,-0.0040224,0.0001,-0.0041224,-0.00804819037030058,311207905.0,0.3128,0.6872,0.0,1.5695067264573974,1.1838284565557353,-1.8205461638491558,-7.90811140475706,0.0,0.0,51.53061224489799,1.7565436770734812,2.0,0.24724657226342772,8.0,4.0
SKLUSDT,1755072000000,1.1414735385679589,1,-0.0056172,0.0001,-0.0057172,0.051107508249627114,246427686.0,0.5127,0.4873,0.0,1.795774647887324,3.176302640970742,8.074766355140195,9.923954372623578,0.0,0.0,20.954907161803746,1.8406878489894762,3.0,0.07047216349542867,8.0,2.0
SKRUSDT,1771905600000,1.5669365863918376,1,-0.00037696,5e-05,-0.00042696000000000005,0.03793253904838514,166659520.0,0.5039,0.4961,0.0,2.1594327460249225,2.1758985655187186,2.082662372517442,2.225327886476033,0.0,0.0,44.176706827309204,0.7834682931959174,2.0,0.08064082576206184,4.0,1.0
SKRUSDT,1770566400000,-0.7410327158060728,0,-7.667e-05,5e-05,-0.00012667,-0.005097396341974323,252201960.0,0.524,0.476,0.0,2.612845817828833,4.416183067868466,2.4305555555555634,3.686447605035148,0.0,0.0,46.58176943699733,1.8663776113519932,2.0,1.984077878150389,16.0,6.0
SKRUSDT,1770480000000,0.32637939399286003,1,-6.84e-05,5e-05,-0.0001184,-0.003700023352655509,282729300.0,0.5042,0.4958,0.0,2.245772266065382,1.800466954022982,3.6101083032490933,-2.628301481640547,0.0,0.0,34.12473423104183,1.6246510953872129,2.0,0.7588149763722305,16.0,5.0
SKRUSDT,1770321600000,-8.42567594793891,0,-0.00336625,5e-05,-0.00341625,0.015895895065653403,320417700.0,0.5572,0.4428,0.0,2.308611947066818,6.4787402926159405,19.90047347569812,30.732760891323814,0.0,0.0,5.517656500802531,3.3309540119388186,7.0,3.436953648032072,20.0,3.0
SKRUSDT,1769097600000,0.38149333446368305,1,-0.00205662,5e-05,-0.00210662,-0.004672352340633517,274101340.0,0.4753,0.5247,0.0,3.6806715302803967,8.404365307294661,-1.2143290831815363,22.645629175222908,0.0,0.0,53.63011816433085,5.760700736645463,1.0,-1.4445046020573924,16.0,3.0
SKRUSDT,1768968000000,-21.201646090534982,0,-0.00299443,5e-05,-0.0030444300000000003,0.0035366438044056644,105820360.0,0.5634,0.4366,0.0,3.351480095270487,4.256049425090097,37.53678967625084,87.21109399075499,0.0,0.0,31.73553719008264,11.202821869488536,1.0,-5.551538523338948,4.0,2.0
SNXUSDT,1771516800000,5.880569869657464,1,-0.00292348,5.77e-05,-0.00298118,-0.007359138841152924,10329380.5,0.6092,0.3908,0.0,2.3263027295285377,1.3206388206388286,6.2822164948453665,7.21481962950928,0.0,0.0,25.634517766497368,2.07422162560083,1.0,-1.466992665036666,16.0,3.0
SNXUSDT,1768492800000,-0.020942408376961045,0,-7.101e-05,5.77e-05,-0.00012871,-0.00015055272291731656,5152900.4,0.6661,0.3339,0.0,1.530937699340843,0.5051568090928137,-1.159180293935002,-2.03118588428396,0.0,0.0,61.952861952861966,0.8975317875841428,2.0,0.021267545725220965,16.0,3.0
SOMIUSDT,1771970400000,-2.8782028782028823,0,-0.00010394,5e-05,-0.00015394,0.02630290602678393,15769231.9,0.5902,0.4098,0.0,2.417542913633515,3.543521715427949,6.058631921824106,3.243783938268082,0.0,0.0,12.102272727272691,1.1075314646743237,5.0,0.40153394992103497,22.0,1.0
SOMIUSDT,1770429600000,-0.9438341327556853,0,-0.00044635,5e-05,-0.00049635,-0.010437082593418448,15696854.3,0.572,0.428,0.0,2.4301336573511505,1.3115268053088163,5.604575163398689,-1.8413141507408142,0.0,0.0,19.44943147815671,1.3910685734915964,1.0,-0.781004298144455,2.0,5.0
SOMIUSDT,1769594400000,-4.369459019359509,0,-0.00078235,5e-05,-0.00083235,0.0017322389501378903,24535237.7,0.5131,0.4869,0.0,2.1060410123776134,2.190995654987521,-1.0414490764226652,17.094144362133797,0.0,0.0,53.73623102113718,2.8440469728691196,2.0,0.59156936228204,10.0,2.0
SOMIUSDT,1769583600000,14.507462686567168,1,-0.00142257,5e-05,-0.0014725699999999999,0.03043792492050752,20780227.8,0.591,0.409,0.0,4.602894717507892,7.603068435173649,8.58374008541795,14.578801450202597,0.0,0.0,22.272047832586026,1.9335256490655988,3.0,1.6504854368932171,7.0,2.0
SOMIUSDT,1769324400000,-14.430336307481129,0,-0.00137156,5e-05,-0.0014215599999999999,0.0050273698289143775,22273282.6,0.4964,0.5036,0.0,1.9891500904159112,2.602623162465887,0.4510068656459211,2.4083212671020333,0.0,0.0,47.748719331356156,1.8598637121286405,3.0,0.07296926534542846,7.0,6.0
SOMIUSDT,1769263200000,1.760090036577367,1,-0.00149319,5e-05,-0.0015431899999999998,-0.01311288298091308,21003550.6,0.425,0.575,0.0,3.645259542479419,4.0836912664323854,9.088738830911947,15.927069991712518,0.0,0.0,27.642844661890607,2.9322179992764905,2.0,0.5211386880333497,14.0,5.0
SOMIUSDT,1769256000000,-3.324234743614745,0,-0.00145467,5e-05,-0.0015046699999999998,-0.010317859508226094,20021874.2,0.4371,0.5629,0.0,4.300965937976626,9.480949162190049,16.722928124407368,15.927069991712518,0.0,0.0,7.638483965014544,2.4960773937182585,4.0,3.5735598694141073,12.0,5.0
SONICUSDT,1770847200000,2.28581103962072,1,-0.00035216,-0.00024487,-0.00010729000000000001,0.003957995752444285,63342005.0,0.5014,0.4986,0.0,1.9858400967017755,1.2688614540466472,1.897860593512774,-3.344887348353555,0.0,0.0,42.72349272349274,2.1684969280634703,1.0,-0.44696578992607244,22.0,2.0
SONICUSDT,1769306400000,-0.23567535719547406,0,-0.0009286,-0.00024487,-0.00068373,-0.0003242731385665586,38661646.0,0.5944,0.4056,0.0,1.6469531366971157,2.351876978742659,2.29019135151425,0.619469026548678,0.0,0.0,35.72778827977302,1.2183574269301156,4.0,0.36063110443276347,2.0,6.0
